<?xml version="1.0" encoding="UTF-8" standalone="yes"?>
<manifest>
  <control namespace="PCFNamespace" constructor="StepperControl" version="0.0.7" display-name-key="StepperControl_Display_Key" description-key="StepperControl_Desc_Key" control-type="standard" api-version="1.1.0">
    <property name="flowTypeProperty" display-name-key="SubProcessType" description-key="Sub Business Process" of-type="SingleLine.Text" usage="input" required="true"/>
    <property name="stages" display-name-key="stages_Display_Key" description-key="stages_Desc_Key" of-type="OptionSet" usage="bound" required="true"/>
    <resources>
      <code path="bundle.js" order="1"/>
      <css path="StepperControl.css" order="1"/>
    </resources>
    <built-by name="pac" version="0.4.3"/>
  </control>
</manifest>