<manifest><control namespace="PCFNamespace" constructor="StepperControl" version="0.0.147" display-name-key="StepperControl_Display_Key" description-key="StepperControl_Desc_Key" control-type="standard" api-version="1.1.0"><property name="flowTypeProperty" display-name-key="SubProcessType" description-key="Sub Business Process" of-type="SingleLine.Text" usage="input" required="true" /><property name="stages" display-name-key="stages_Display_Key" description-key="stages_Desc_Key" of-type="OptionSet" usage="bound" required="true" /><property name="ReadOnly" display-name-key="Read-Only" description-key="to make the flow non editable" of-type="Enum" usage="input" required="false"><value name="true" display-name-key="True" description-key="true">True</value><value name="false" display-name-key="False" description-key="false">False</value></property><resources><code path="bundle.js" order="1" /><css path="StepperControl.css" order="1" /></resources><built-by name="pac" version="0.4.3" /></control></manifest>